customer_id,first_name,last_name,email,address,city,state,postal_code,phone_number
1,Gina,Horton,andrew14@coleman.biz,396 Sarah Tunnel,Sanfordside,North Dakota,57357,+1-476-909-3387x4203
2,Jeremy,Aguilar,vmcdaniel@kelly-mcdonald.com,873 Jesus Fall Apt. 522,Adamsstad,Nebraska,20568,(654)581-9165x21969
3,Angela,Moore,kyle75@gmail.com,750 Alexander Dale Suite 880,Deanmouth,Texas,37924,565-970-8292x91857
4,Danielle,Hardy,upowers@wong.com,1055 Dawson View,Brendaview,North Dakota,65836,366.109.0205
5,Molly,Shepherd,ifreeman@mccullough.biz,70485 Michelle Brooks Suite 728,East Georgeside,Colorado,23707,645-680-2641x0988
6,Paula,Moore,franksmith@hotmail.com,0087 John Cliffs,Amandahaven,Utah,57572,(402)735-0363x5480
7,Zachary,Gordon,thomasrobin@yahoo.com,15284 Ruiz Manor Suite 500,Port Kristinberg,Nebraska,81654,3709481603
8,Kristen,Campbell,tina63@barker.com,821 Shawn Mountains,Port Scott,Nebraska,04374,9181437708
9,James,Reed,sarah27@duncan.info,126 Vaughan Court Apt. 644,Stevenfurt,Wyoming,48965,354-088-1213
10,Stephanie,Sullivan,garciacharles@yahoo.com,90169 Hughes Bypass Apt. 111,Powersfurt,Idaho,81916,5885196775
11,Joseph,Reynolds,karen22@miller-hoffman.com,601 Harris Turnpike,Quinnshire,Ohio,26919,001-380-616-0208
12,Samantha,Fox,colinvargas@crawford.net,810 Ortiz Harbor Apt. 197,Eddiehaven,Alabama,82078,230.467.5012x655
13,Maria,Sellers,whitejulian@hotmail.com,920 Dean Shores,Mcdonaldfurt,Virginia,35770,001-466-435-3899x42378
14,Brian,Bennett,kristinwilliams@yahoo.com,74877 Smith Lodge Suite 884,Sharonhaven,Georgia,91746,+1-454-533-1857x10755
15,Cory,Sandoval,kevinsingh@vega.com,629 William Islands,North Amanda,Hawaii,24099,(125)029-4752
16,Luke,Cooper,tthompson@howell.org,61380 Erica Spring,Larsonbury,Maryland,31768,258-583-4086
17,Shawn,Lambert,qrivera@yahoo.com,7520 Charles Valleys,New Christineton,California,07105,5796167546
18,Cynthia,Burns,cherylnunez@heath.com,00460 Gerald Way,Davisborough,Vermont,24778,+1-769-693-9606x8649
19,Bonnie,Stevens,amanda12@potter.org,7990 Robert Ways Suite 865,Triciaville,Georgia,02834,2150899973
20,Catherine,Moore,lindanielle@zamora-butler.com,392 Adams Key,Caseytown,New Mexico,82072,(002)963-7091
21,Mary,Espinoza,jasonchan@hall-spears.com,363 Nunez Pike,West Jerry,North Dakota,00606,001-030-629-7217
22,Jennifer,Arnold,robertprice@price-anderson.net,279 Watkins Cliffs Apt. 464,Lisastad,New Jersey,46722,390.096.8016x228
23,Adam,Jones,hsullivan@hotmail.com,0235 Michele Spur,Lisamouth,Hawaii,57100,069-562-0742x8245
24,James,Turner,castillomarcus@garcia.com,6690 Marshall Parkways Suite 368,Pacemouth,New Hampshire,77663,409-203-6335x6643
25,William,Nguyen,umccarthy@tucker-nicholson.com,24877 Jennifer Parks Suite 634,South Normaton,Maryland,94052,001-777-522-2607x9477
26,Thomas,Duncan,uduffy@wheeler.com,50393 Allison Mountains,South Manuel,New Mexico,27776,(352)092-8106x32722
27,Adam,Lowery,wlopez@gmail.com,802 Bernard Corners Apt. 416,New Mark,Montana,53458,603.299.0830x88172
28,Omar,Silva,lucaswright@hotmail.com,6157 Sexton Pike Apt. 193,Josephberg,Wyoming,76311,742.474.3669x3888
29,Jessica,Perry,zbriggs@hunter.biz,94292 Gregory Land Apt. 922,Khanview,Iowa,61378,001-454-698-1357x42324
30,Kurt,Lewis,eric15@white-williams.biz,7319 Dennis Mill Apt. 515,North Karen,Utah,21402,(323)459-7062x4025
31,Patricia,Davis,johnsonjames@yahoo.com,0969 Edwards Springs Suite 827,Clarkview,Alabama,90372,+1-518-590-1849x430
32,Emily,King,brian30@carr.biz,34749 Leach Terrace Suite 358,Marcuston,Pennsylvania,66905,001-939-721-4217x09022
33,Robert,Sellers,owalker@clark.net,0679 David Square Apt. 754,North Brian,Michigan,59353,759.844.4678x294
34,Anthony,Young,abigailpierce@collins.info,93797 Melanie Lock,Rogersmouth,New Hampshire,38420,020.446.0732
35,Brenda,Montgomery,donnajohnson@gmail.com,339 Robinson Stream,East Matthew,Delaware,62295,+1-268-167-1983
36,Jessica,Roman,moralesjennifer@lucas-bowen.net,3856 Jonathan Skyway Apt. 417,Brownborough,Vermont,79251,001-945-250-6216x3408
37,Deborah,Wilkins,youngjessica@yahoo.com,2564 Crane View,Watsontown,Minnesota,51416,452-638-2182x93026
38,Ralph,Diaz,davidblair@yahoo.com,6229 Joseph Motorway Apt. 186,Fryeville,North Carolina,98996,8502022535
39,Bryan,Ramirez,bakerchad@yahoo.com,9604 Stephanie Views Suite 987,Olsonstad,Tennessee,02784,644-951-2150
40,Jason,Holt,laura93@yahoo.com,4418 Herrera Locks Suite 456,New Roberttown,West Virginia,45447,068-238-6615x466
41,Shannon,Ellis,bethany49@fischer.com,818 Carter Overpass Suite 143,West Wesleyville,Maine,88648,7947398460
42,Stephanie,Fox,sheilawall@yahoo.com,33475 Deborah Ports Suite 955,South Maryland,Tennessee,90184,+1-610-847-6033x392
43,Amy,Norton,qdawson@yahoo.com,3932 Warner Cove Apt. 008,Mandyview,New Hampshire,10648,(953)627-6260x1812
44,Morgan,Travis,robertsamanda@yahoo.com,70627 Reed Streets,Jamesside,New Hampshire,16891,971.451.7710x23329
45,Becky,Shea,debbie03@michael.com,309 Jones Avenue Apt. 759,Jacksonhaven,Oregon,29729,128-778-8643x6876
46,Jeffrey,Reeves,millerdennis@hotmail.com,08779 Jennifer Dale Suite 742,Lake Bobbyshire,Michigan,07904,0115312230
47,Cesar,Hernandez,santosnancy@hotmail.com,234 Perry Squares,Kaitlynstad,Nevada,73601,404.095.8825x3699
48,Jane,Clark,leslieanderson@mendez.info,3142 Jennifer Via,Williamside,Iowa,69823,360.986.2543
49,Michael,Rivera,johnmathis@hotmail.com,7598 Megan Bypass Apt. 905,West Matthewmouth,Minnesota,63515,751-339-9150x413
50,Wendy,Luna,oarnold@gmail.com,851 Omar Rue,New Mark,Arizona,33310,843-113-8571
